{"cameraMode":{"drawMode":0,"name":"Shaded","section":"Shading Mode"},"sceneLighting":false,"audioPlay":false,"sceneViewState":{"showFog":true,"showMaterialUpdate":false,"showSkybox":false,"showFlares":true,"showImageEffects":true,"showParticleSystems":true},"in2DMode":false,"pivot":{"x":-17.11319351196289,"y":5.060249328613281,"z":-13.04321002960205},"rotation":{"x":-0.04295434430241585,"y":-0.9325859546661377,"z":0.11842907965183258,"w":-0.33824989199638369},"size":3.7152481079101564,"orthographic":false}